{"cameraMode":{"drawMode":0,"name":"Shaded","section":"Shading Mode"},"sceneLighting":true,"audioPlay":false,"sceneViewState":{"showFog":true,"showMaterialUpdate":false,"showSkybox":true,"showFlares":true,"showImageEffects":true,"showParticleSystems":true,"showVisualEffectGraphs":true,"m_FxEnabled":false},"in2DMode":false,"pivot":{"x":22.878604888916017,"y":14.803597450256348,"z":59.6679573059082},"rotation":{"x":-0.11494471877813339,"y":-0.10203763097524643,"z":0.011858779937028885,"w":-0.9880796670913696},"size":31.847251892089845,"orthographic":false}