{"cameraMode":{"drawMode":0,"name":"Shaded","section":"Shading Mode"},"sceneLighting":true,"audioPlay":false,"sceneViewState":{"showFog":true,"showMaterialUpdate":false,"showSkybox":true,"showFlares":true,"showImageEffects":true,"showParticleSystems":true,"showVisualEffectGraphs":true,"m_FxEnabled":false},"in2DMode":false,"pivot":{"x":-9.837367057800293,"y":5.587307453155518,"z":75.12132263183594},"rotation":{"x":-0.009300651028752327,"y":0.04408307373523712,"z":-0.00041832923307083547,"w":-0.9990187883377075},"size":28.086748123168947,"orthographic":false}