{"cameraMode":{"drawMode":0,"name":"Shaded","section":"Shading Mode"},"sceneLighting":true,"audioPlay":false,"sceneViewState":{"showFog":true,"showMaterialUpdate":false,"showSkybox":true,"showFlares":true,"showImageEffects":true,"showParticleSystems":true,"showVisualEffectGraphs":true,"m_FxEnabled":false},"in2DMode":false,"pivot":{"x":11.203919410705567,"y":15.355175018310547,"z":38.52023696899414},"rotation":{"x":-0.03480331599712372,"y":-0.00689837196841836,"z":0.00023276355932466686,"w":-0.9994049072265625},"size":34.176918029785159,"orthographic":false}