{"cameraMode":{"drawMode":0,"name":"Shaded","section":"Shading Mode"},"sceneLighting":true,"audioPlay":false,"sceneViewState":{"showFog":true,"showMaterialUpdate":false,"showSkybox":true,"showFlares":true,"showImageEffects":true,"showParticleSystems":true,"showVisualEffectGraphs":true,"m_FxEnabled":false},"in2DMode":false,"pivot":{"x":6.197391986846924,"y":-52.89631652832031,"z":109.60963439941406},"rotation":{"x":-0.23927435278892518,"y":0.038434527814388278,"z":-0.009480719454586506,"w":-0.9701545834541321},"size":73.95236206054688,"orthographic":false}