{"cameraMode":{"drawMode":0,"name":"Shaded","section":"Shading Mode"},"sceneLighting":true,"audioPlay":false,"sceneViewState":{"showFog":true,"showMaterialUpdate":false,"showSkybox":true,"showFlares":true,"showImageEffects":true,"showParticleSystems":true,"showVisualEffectGraphs":true,"m_FxEnabled":false},"in2DMode":false,"pivot":{"x":4.867940902709961,"y":12.140091896057129,"z":61.458656311035159},"rotation":{"x":-0.05426542088389397,"y":-0.026361675933003427,"z":0.0014277598820626736,"w":-0.9982038140296936},"size":41.55281448364258,"orthographic":false}