{"cameraMode":{"drawMode":0,"name":"Shaded","section":"Shading Mode"},"sceneLighting":false,"audioPlay":false,"sceneViewState":{"showFog":true,"showMaterialUpdate":false,"showSkybox":false,"showFlares":true,"showImageEffects":true,"showParticleSystems":true,"showVisualEffectGraphs":true,"m_FxEnabled":false},"in2DMode":false,"pivot":{"x":0.6798521280288696,"y":1.0777243375778199,"z":0.43179988861083987},"rotation":{"x":-0.2115677297115326,"y":0.03429325670003891,"z":-0.007435951381921768,"w":-0.9767472147941589},"size":2.1924679279327394,"orthographic":false}