{"cameraMode":{"drawMode":0,"name":"Shaded","section":"Shading Mode"},"sceneLighting":false,"audioPlay":false,"sceneViewState":{"showFog":true,"showMaterialUpdate":false,"showSkybox":false,"showFlares":true,"showImageEffects":true,"showParticleSystems":true,"showVisualEffectGraphs":true,"m_FxEnabled":false},"in2DMode":false,"pivot":{"x":-0.004750341176986694,"y":-0.53414386510849,"z":0.0010434389114379883},"rotation":{"x":-0.009300651028752327,"y":0.04408307373523712,"z":-0.00041832923307083547,"w":-0.9990187883377075},"size":1.6293665170669556,"orthographic":false}